{
 "a69242": {
  "Flight": "VOI5551",
  "Altitude": 36000,
  "Latitude": 30.870977,
  "Longitude": -113.466248
 },
 "a684c4": {
  "Flight": "VOI254",
  "Altitude": 38000,
  "Latitude": 31.399112,
  "Longitude": -113.34798
 },
 "a699b0": {
  "Flight": "VOC4092",
  "Altitude": 38000,
  "Latitude": 31.263692,
  "Longitude": -113.106445
 },
 "a4e6c0": {
  "Flight": "AAL1278",
  "Altitude": 37000,
  "Latitude": 34.02832,
  "Longitude": -112.234534
 },
 "ac90a7": {
  "Flight": "AAL2232",
  "Altitude": 9150,
  "Latitude": 33.277309,
  "Longitude": -112.139413
 },
 "a821e1": {
  "Flight": "N623FB",
  "Altitude": 1900,
  "Latitude": 33.560067,
  "Longitude": -112.096081
 },
 "a79d6c": {
  "Flight": "N590AE",
  "Altitude": 1600,
  "Latitude": 33.63888,
  "Longitude": -111.996517
 },
 "a657f4": {
  "Flight": "DAL979",
  "Altitude": 14625,
  "Latitude": 33.681056,
  "Longitude": -111.987247
 },
 "a7ea48": {
  "Flight": "SKW3247",
  "Altitude": 8225,
  "Latitude": 33.652908,
  "Longitude": -111.96167
 },
 "abf9b1": {
  "Flight": "SWA3858",
  "Altitude": 6275,
  "Latitude": 33.345368,
  "Longitude": -111.92574
 },
 "ac3f2f": {
  "Flight": "SWA138",
  "Altitude": 2250,
  "Latitude": 33.440689,
  "Longitude": -111.92536
 },
 "a4ed9c": {
  "Flight": "ASI204",
  "Altitude": 3600,
  "Latitude": 32.880753,
  "Longitude": -111.909814
 },
 "a3764b": {
  "Flight": "FFT3162",
  "Altitude": 6725,
  "Latitude": 33.529907,
  "Longitude": -111.900146
 },
 "a65512": {
  "Flight": "FALCON7",
  "Altitude": 1925,
  "Latitude": 33.378387,
  "Longitude": -111.865155
 },
 "a4380f": {
  "Flight": "FFT3168",
  "Altitude": 3600,
  "Latitude": 33.427952,
  "Longitude": -111.854273
 },
 "a8c6e1": {
  "Flight": "AAL1875",
  "Altitude": 33975,
  "Latitude": 34.868912,
  "Longitude": -111.743681
 },
 "a1fc27": {
  "Flight": "N227MT",
  "Altitude": 2900,
  "Latitude": 32.969879,
  "Longitude": -111.719751
 },
 "acd935": {
  "Flight": "ASH6205",
  "Altitude": 8050,
  "Latitude": 33.257058,
  "Longitude": -111.658649
 },
 "a2d090": {
  "Flight": "OXF4955",
  "Altitude": 4525,
  "Latitude": 32.927994,
  "Longitude": -111.544849
 },
 "a5031a": {
  "Flight": "AAL1187",
  "Altitude": 18525,
  "Latitude": 33.436564,
  "Longitude": -111.519078
 },
 "aa7e16": {
  "Flight": "SWA3683",
  "Altitude": 12200,
  "Latitude": 33.821548,
  "Longitude": -111.455458
 },
 "a81b2a": {
  "Flight": "NKS1272",
  "Altitude": 35025,
  "Latitude": 34.53366,
  "Longitude": -111.425056
 },
 "ad73a9": {
  "Flight": "AAL639",
  "Altitude": 13975,
  "Latitude": 32.366547,
  "Longitude": -111.407629
 },
 "ada6ed": {
  "Flight": "AAL2156",
  "Altitude": 20575,
  "Latitude": 33.742505,
  "Longitude": -111.114922
 },
 "a65d06": {
  "Flight": "SKW3079",
  "Altitude": 9825,
  "Latitude": 32.045929,
  "Longitude": -111.087708
 },
 "a09b65": {
  "Flight": "GTI3857",
  "Altitude": 40025,
  "Latitude": 34.863739,
  "Longitude": -111.063594
 },
 "a6d234": {
  "Flight": "DAL551",
  "Altitude": 35000,
  "Latitude": 32.703781,
  "Longitude": -110.42644
 }
}