{
 "0d0e7e": {
  "Flight": "VOI936",
  "Altitude": 36000,
  "Latitude": 30.573166,
  "Longitude": -113.537993
 },
 "a6d234": {
  "Flight": "DAL551",
  "Altitude": 34975,
  "Latitude": 33.134533,
  "Longitude": -113.27661
 },
 "a4380f": {
  "Flight": "FFT3168",
  "Altitude": 21925,
  "Latitude": 33.123174,
  "Longitude": -113.174314
 },
 "a3ad89": {
  "Flight": "TNO7051",
  "Altitude": 39000,
  "Latitude": 30.704269,
  "Longitude": -113.044685
 },
 "a9bb70": {
  "Flight": "SKW4816",
  "Altitude": 16000,
  "Latitude": 33.13884,
  "Longitude": -112.462042
 },
 "a65d06": {
  "Flight": "SKW3079",
  "Altitude": 8550,
  "Latitude": 33.363942,
  "Longitude": -112.179939
 },
 "aced23": {
  "Flight": "AAL2585",
  "Altitude": 10675,
  "Latitude": 33.542496,
  "Longitude": -112.149615
 },
 "ad7f96": {
  "Flight": "SWA2402",
  "Altitude": 38000,
  "Latitude": 34.374847,
  "Longitude": -112.126072
 },
 "a57d42": {
  "Flight": "AAL2701",
  "Altitude": 4575,
  "Latitude": 33.432953,
  "Longitude": -112.106799
 },
 "a821e1": {
  "Flight": "N623FB",
  "Altitude": 1925,
  "Latitude": 33.361221,
  "Longitude": -112.066644
 },
 "ace96c": {
  "Flight": "AAL1614",
  "Altitude": 1775,
  "Latitude": 33.440893,
  "Longitude": -112.029382
 },
 "ab398f": {
  "Flight": "ASI524",
  "Altitude": 4025,
  "Latitude": 33.557281,
  "Longitude": -111.996142
 },
 "a448ba": {
  "Flight": "DAL2261",
  "Altitude": 8400,
  "Latitude": 33.638718,
  "Longitude": -111.955672
 },
 "a4ed9c": {
  "Flight": "ASI204",
  "Altitude": 3100,
  "Latitude": 32.909034,
  "Longitude": -111.862008
 },
 "a988cc": {
  "Flight": "SKW3143",
  "Altitude": 19625,
  "Latitude": 33.785752,
  "Longitude": -111.858101
 },
 "a65512": {
  "Flight": "FALCON7",
  "Altitude": 2025,
  "Latitude": 33.409191,
  "Longitude": -111.838634
 },
 "a4b453": {
  "Flight": "N402CT",
  "Altitude": 1350,
  "Latitude": 33.26311,
  "Longitude": -111.821482
 },
 "a3f401": {
  "Flight": "DAL1446",
  "Altitude": 4075,
  "Latitude": 33.440369,
  "Longitude": -111.810608
 },
 "abe105": {
  "Flight": "ASI155",
  "Altitude": 3600,
  "Latitude": 32.943762,
  "Longitude": -111.750632
 },
 "a3f798": {
  "Flight": "N355CF",
  "Altitude": 2600,
  "Latitude": 33.207779,
  "Longitude": -111.711951
 },
 "a3b796": {
  "Flight": "DAL339",
  "Altitude": 6025,
  "Latitude": 33.444855,
  "Longitude": -111.675751
 },
 "ad2573": {
  "Flight": "SWA3969",
  "Altitude": 8600,
  "Latitude": 33.22261,
  "Longitude": -111.641089
 },
 "adb0b4": {
  "Flight": "AAL2097",
  "Altitude": 7825,
  "Latitude": 33.492706,
  "Longitude": -111.602148
 },
 "a44981": {
  "Flight": "UAL2129",
  "Altitude": 33000,
  "Latitude": 33.574127,
  "Longitude": -111.582361
 },
 "aa02ab": {
  "Flight": "AAL691",
  "Altitude": 23825,
  "Latitude": 33.09874,
  "Longitude": -111.484314
 },
 "a66ac3": {
  "Flight": "VOI477",
  "Altitude": 36000,
  "Latitude": 30.910721,
  "Longitude": -111.157945
 },
 "c01d2d": {
  "Flight": "FLE2501",
  "Altitude": 38000,
  "Latitude": 34.808179,
  "Longitude": -111.150227
 },
 "a220cb": {
  "Flight": "SWA3092",
  "Altitude": 31250,
  "Latitude": 32.829758,
  "Longitude": -111.012451
 },
 "ad73a9": {
  "Flight": "AAL639",
  "Altitude": 36125,
  "Latitude": 34.028641,
  "Longitude": -110.947396
 },
 "acf54f": {
  "Flight": "JBU2985",
  "Altitude": 35000,
  "Latitude": 32.689362,
  "Longitude": -110.786407
 },
 "aa6ed1": {
  "Flight": "AAL1022",
  "Altitude": 29800,
  "Latitude": 32.924396,
  "Longitude": -110.784395
 },
 "acd935": {
  "Flight": "ASH6205",
  "Altitude": 28600,
  "Latitude": 32.453101,
  "Longitude": -110.630474
 },
 "acd1f3": {
  "Flight": "NKS310",
  "Altitude": 36975,
  "Latitude": 32.714767,
  "Longitude": -110.432428
 }
}