{
 "ada546": {
  "Flight": "ASI717",
  "Altitude": 5400,
  "Latitude": 33.34062,
  "Longitude": -112.687048
 },
 "a58103": {
  "Flight": "AAL2091",
  "Altitude": 33025,
  "Latitude": 32.959729,
  "Longitude": -112.580492
 },
 "a129dc": {
  "Flight": "AAL1446",
  "Altitude": 36050,
  "Latitude": 34.694275,
  "Longitude": -112.439183
 },
 "ad5329": {
  "Flight": "JBU608",
  "Altitude": 30725,
  "Latitude": 34.796127,
  "Longitude": -112.231676
 },
 "ad79e8": {
  "Flight": "ASA374",
  "Altitude": 33000,
  "Latitude": 33.810797,
  "Longitude": -112.277412
 },
 "a406bb": {
  "Flight": "N359FB",
  "Altitude": 1900,
  "Latitude": 33.611926,
  "Longitude": -112.105637
 },
 "a79d6c": {
  "Flight": "N590AE",
  "Altitude": 2300,
  "Latitude": 33.653823,
  "Longitude": -112.100716
 },
 "a7946a": {
  "Flight": "JBU136",
  "Altitude": 14625,
  "Latitude": 33.72812,
  "Longitude": -111.919785
 },
 "abe105": {
  "Flight": "ASI155",
  "Altitude": 4600,
  "Latitude": 33.050692,
  "Longitude": -111.858197
 },
 "a4ed9c": {
  "Flight": "ASI204",
  "Altitude": 1700,
  "Latitude": 32.961182,
  "Longitude": -111.753864
 },
 "a3fc5c": {
  "Flight": "N356P",
  "Altitude": 2150,
  "Latitude": 33.20897,
  "Longitude": -111.751416
 },
 "a369ee": {
  "Flight": "AAL1587",
  "Altitude": 17575,
  "Latitude": 33.905365,
  "Longitude": -111.66403
 },
 "a3df1e": {
  "Flight": "DAL1257",
  "Altitude": 6950,
  "Latitude": 33.59661,
  "Longitude": -111.647072
 },
 "a2ce05": {
  "Flight": "ASA396",
  "Altitude": 35025,
  "Latitude": 32.692799,
  "Longitude": -111.51067
 },
 "a2d090": {
  "Flight": "OXF4955",
  "Altitude": 3575,
  "Latitude": 32.935089,
  "Longitude": -111.481677
 },
 "aa4252": {
  "Flight": "JBU530",
  "Altitude": 35000,
  "Latitude": 32.652019,
  "Longitude": -110.955916
 },
 "c0656f": {
  "Flight": "WJA2258",
  "Altitude": 39000,
  "Latitude": 31.627991,
  "Longitude": -110.936602
 },
 "a3e525": {
  "Flight": "DAL650",
  "Altitude": 32975,
  "Latitude": 32.60421,
  "Longitude": -110.637481
 },
 "ab355c": {
  "Flight": "JBU132",
  "Altitude": 35000,
  "Latitude": 32.633305,
  "Longitude": -110.634118
 }
}