{
 "ae571a": {
  "Flight": "CNV4171",
  "Altitude": 20650,
  "Latitude": 32.946716,
  "Longitude": -113.32782
 },
 "aa596c": {
  "Flight": "SKW4849",
  "Altitude": 15800,
  "Latitude": 32.895673,
  "Longitude": -113.127902
 },
 "a8430d": {
  "Flight": "SKW4825",
  "Altitude": 28125,
  "Latitude": 34.283582,
  "Longitude": -112.71389
 },
 "adb627": {
  "Flight": "N9829B",
  "Altitude": 7800,
  "Latitude": 33.49855,
  "Longitude": -112.637329
 },
 "abc40d": {
  "Flight": "SWA2394",
  "Altitude": 7550,
  "Latitude": 33.410522,
  "Longitude": -112.476105
 },
 "ac9ff2": {
  "Flight": "AAL1792",
  "Altitude": 18000,
  "Latitude": 33.437262,
  "Longitude": -112.510986
 },
 "a35aae": {
  "Flight": "AAL1437",
  "Altitude": 24000,
  "Latitude": 34.18222,
  "Longitude": -112.535986
 },
 "a60665": {
  "Flight": "VAR488",
  "Altitude": 3550,
  "Latitude": 33.168594,
  "Longitude": -112.408649
 },
 "aaf960": {
  "Flight": "AAL1292",
  "Altitude": 35000,
  "Latitude": 34.550949,
  "Longitude": -112.209199
 },
 "a8a1bf": {
  "Flight": "N65501",
  "Altitude": 1825,
  "Latitude": 33.430618,
  "Longitude": -112.400684
 },
 "abebbe": {
  "Flight": "SWA3026",
  "Altitude": 34000,
  "Latitude": 34.713776,
  "Longitude": -112.359308
 },
 "a3f2ae": {
  "Flight": "N35325",
  "Altitude": 3800,
  "Latitude": 33.664484,
  "Longitude": -112.355976
 },
 "a8e84c": {
  "Flight": "EJA673",
  "Altitude": 4800,
  "Latitude": 33.470966,
  "Longitude": -112.22181
 },
 "a5a878": {
  "Flight": "AAL767",
  "Altitude": 17825,
  "Latitude": 33.413753,
  "Longitude": -112.349555
 },
 "a5c12e": {
  "Flight": "VAR470",
  "Altitude": 3300,
  "Latitude": 33.609366,
  "Longitude": -112.212868
 },
 "a7c77e": {
  "Flight": "N600CN",
  "Altitude": 2650,
  "Latitude": 33.42879,
  "Longitude": -112.130332
 },
 "ab0a2f": {
  "Flight": "N810JL",
  "Altitude": 2425,
  "Latitude": 33.324097,
  "Longitude": -112.212268
 },
 "a08a1a": {
  "Flight": "AAL2899",
  "Altitude": 2675,
  "Latitude": 33.440918,
  "Longitude": -112.133661
 },
 "aa0701": {
  "Flight": "AAL1848",
  "Altitude": 8675,
  "Latitude": 33.77916,
  "Longitude": -112.183975
 },
 "a1b091": {
  "Flight": "N208JP",
  "Altitude": 14400,
  "Latitude": 33.04073,
  "Longitude": -112.164132
 },
 "a3a302": {
  "Flight": "JNX03",
  "Altitude": 13800,
  "Latitude": 33.540756,
  "Longitude": -112.221979
 },
 "a9737c": {
  "Flight": "NKS203",
  "Altitude": 35025,
  "Latitude": 33.443686,
  "Longitude": -111.985268
 },
 "a127d3": {
  "Flight": "CXK168",
  "Altitude": 3825,
  "Latitude": 33.297512,
  "Longitude": -112.135153
 },
 "a82598": {
  "Flight": "N624FB",
  "Altitude": 1400,
  "Latitude": 33.41771,
  "Longitude": -112.14883
 },
 "a4d42d": {
  "Flight": "AAL1611",
  "Altitude": 13825,
  "Latitude": 34.019943,
  "Longitude": -112.144626
 },
 "ac3794": {
  "Flight": "N8868E",
  "Altitude": 3600,
  "Latitude": 33.123138,
  "Longitude": -112.159039
 },
 "a32a88": {
  "Flight": "ASA710",
  "Altitude": 1750,
  "Latitude": 33.440847,
  "Longitude": -112.078035
 },
 "abcc85": {
  "Flight": "N86AG",
  "Altitude": 1625,
  "Latitude": 33.689948,
  "Longitude": -112.109413
 },
 "a51bf5": {
  "Flight": "N4282",
  "Altitude": 1300,
  "Latitude": 33.473419,
  "Longitude": -112.103943
 },
 "a5ca46": {
  "Flight": "ASI790",
  "Altitude": 3950,
  "Latitude": 33.159531,
  "Longitude": -112.086836
 },
 "a33f71": {
  "Flight": "N3080Q",
  "Altitude": 2400,
  "Latitude": 33.701958,
  "Longitude": -112.10638
 },
 "a62863": {
  "Flight": "SWA1197",
  "Altitude": 1800,
  "Latitude": 33.4408,
  "Longitude": -112.078876
 },
 "aab1d2": {
  "Flight": "SWA2467",
  "Altitude": 5875,
  "Latitude": 33.325769,
  "Longitude": -112.13392
 },
 "a54d25": {
  "Flight": "OXF3867",
  "Altitude": 6350,
  "Latitude": 33.074387,
  "Longitude": -112.043227
 },
 "a564de": {
  "Flight": "CAP247",
  "Altitude": 5275,
  "Latitude": 33.424484,
  "Longitude": -112.037805
 },
 "ac7dfe": {
  "Flight": "N90391",
  "Altitude": 10650,
  "Latitude": 34.199927,
  "Longitude": -111.982899
 },
 "a4dca9": {
  "Flight": "N412MH",
  "Altitude": "ground",
  "Latitude": 33.425438,
  "Longitude": -112.020553
 },
 "abb1de": {
  "Flight": "SWA1572",
  "Altitude": 7300,
  "Latitude": 33.542084,
  "Longitude": -112.042386
 },
 "a886bf": {
  "Flight": "AAL540",
  "Altitude": 27150,
  "Latitude": 34.610046,
  "Longitude": -111.992667
 },
 "a5a503": {
  "Flight": "N463CS",
  "Altitude": 2925,
  "Latitude": 33.269211,
  "Longitude": -111.982764
 },
 "a2d370": {
  "Flight": "ASI993",
  "Altitude": 3075,
  "Latitude": 33.112747,
  "Longitude": -111.971173
 },
 "a45a1b": {
  "Flight": "N38MY",
  "Altitude": 5325,
  "Latitude": 33.671466,
  "Longitude": -111.99131
 },
 "a0640f": {
  "Flight": "N124RK",
  "Altitude": 3425,
  "Latitude": 33.755493,
  "Longitude": -111.93667
 },
 "a4ca94": {
  "Flight": "N408CJ",
  "Altitude": 19825,
  "Latitude": 34.225616,
  "Longitude": -111.951188
 },
 "a12701": {
  "Flight": "CXK649",
  "Altitude": 3525,
  "Latitude": 33.663971,
  "Longitude": -111.938496
 },
 "aad3b4": {
  "Flight": "N797TE",
  "Altitude": 25000,
  "Latitude": 34.136849,
  "Longitude": -111.940384
 },
 "ab92d6": {
  "Flight": "VAR845",
  "Altitude": 2000,
  "Latitude": 33.002138,
  "Longitude": -111.931065
 },
 "a7032e": {
  "Flight": "N551AM",
  "Altitude": 1800,
  "Latitude": 33.614777,
  "Longitude": -111.910438
 },
 "a94d4d": {
  "Flight": "N699MW",
  "Altitude": "ground",
  "Latitude": 33.622749,
  "Longitude": -111.911845
 },
 "a65b65": {
  "Flight": "N509AF",
  "Altitude": 2450,
  "Latitude": 33.607131,
  "Longitude": -111.918182
 },
 "ac7ae8": {
  "Flight": "N903GA",
  "Altitude": 3050,
  "Latitude": 33.684906,
  "Longitude": -111.874004
 },
 "ad263e": {
  "Flight": "CXK477",
  "Altitude": 6775,
  "Latitude": 33.092263,
  "Longitude": -111.902702
 },
 "ae0e17": {
  "Flight": "BARRIO81",
  "Altitude": 1900,
  "Latitude": 33.473061,
  "Longitude": -111.913409
 },
 "a2d11c": {
  "Flight": "OXF6881",
  "Altitude": 5375,
  "Latitude": 33.167358,
  "Longitude": -111.898224
 },
 "a5760f": {
  "Flight": "KFS58",
  "Altitude": 2375,
  "Latitude": 33.656479,
  "Longitude": -111.8749
 },
 "a3904c": {
  "Flight": "FFT1440",
  "Altitude": 15800,
  "Latitude": 33.851251,
  "Longitude": -111.880989
 },
 "a5449a": {
  "Flight": "AAL432",
  "Altitude": 9225,
  "Latitude": 33.356094,
  "Longitude": -111.919592
 },
 "a8ce4f": {
  "Flight": "AAL2782",
  "Altitude": 22025,
  "Latitude": 32.772171,
  "Longitude": -111.763477
 },
 "ab33e7": {
  "Flight": "N8205E",
  "Altitude": 1800,
  "Latitude": 33.252182,
  "Longitude": -111.83703
 },
 "a31b08": {
  "Flight": "N3ED",
  "Altitude": 6900,
  "Latitude": 33.815685,
  "Longitude": -111.873779
 },
 "a88c59": {
  "Flight": "N65WD",
  "Altitude": 1700,
  "Latitude": 33.430559,
  "Longitude": -111.839363
 },
 "ab3d39": {
  "Flight": "AAL1766",
  "Altitude": 9675,
  "Latitude": 33.186159,
  "Longitude": -111.900629
 },
 "a073cc": {
  "Flight": "ASI218",
  "Altitude": 1825,
  "Latitude": 33.246398,
  "Longitude": -111.826359
 },
 "a4d1f2": {
  "Flight": "N41BT",
  "Altitude": 1925,
  "Latitude": 32.953491,
  "Longitude": -111.783636
 },
 "a2d090": {
  "Flight": "OXF4955",
  "Altitude": 2000,
  "Latitude": 33.441079,
  "Longitude": -111.756517
 },
 "a5766a": {
  "Flight": "KPO451",
  "Altitude": 11575,
  "Latitude": 34.033643,
  "Longitude": -111.794243
 },
 "a54cf6": {
  "Flight": "OXF3373",
  "Altitude": 3025,
  "Latitude": 33.346481,
  "Longitude": -111.762762
 },
 "a54dae": {
  "Flight": "OXF9507",
  "Altitude": 3025,
  "Latitude": 33.134766,
  "Longitude": -111.769244
 },
 "aa1fc9": {
  "Flight": "N44858",
  "Altitude": 1525,
  "Latitude": 33.450762,
  "Longitude": -111.745475
 },
 "aa96e8": {
  "Flight": "N7812N",
  "Altitude": 1500,
  "Latitude": 33.450809,
  "Longitude": -111.745307
 },
 "adbdc6": {
  "Flight": "N33LA",
  "Altitude": 1450,
  "Latitude": 33.449615,
  "Longitude": -111.743372
 },
 "a2f227": {
  "Flight": "OXF4065",
  "Altitude": 1475,
  "Latitude": 33.449524,